{
  "project_info": {
    "project_number": "631447871241",
    "project_id": "scam-742f5",
    "storage_bucket": "scam-742f5.firebasestorage.app"
  },
  "client": [
    {
      "client_info": {
        "mobilesdk_app_id": "1:631447871241:android:05fc72b6bfa4727378bdd8",
        "android_client_info": {
          "package_name": "com.example.flutter_application_1"
        }
      },
      "oauth_client": [],
      "api_key": [
        {
          "current_key": "AIzaSyBu6kYdEACCtgKoEhrTWSi_PbiXqtnijpc"
        }
      ],
      "services": {
        "appinvite_service": {
          "other_platform_oauth_client": []
        }
      }
    },
    {
      "client_info": {
        "mobilesdk_app_id": "1:631447871241:android:83c128ec88e46f8f78bdd8",
        "android_client_info": {
          "package_name": "com.example.scam_app"
        }
      },
      "oauth_client": [],
      "api_key": [
        {
          "current_key": "AIzaSyBu6kYdEACCtgKoEhrTWSi_PbiXqtnijpc"
        }
      ],
      "services": {
        "appinvite_service": {
          "other_platform_oauth_client": []
        }
      }
    }
  ],
  "configuration_version": "1"
}